res_type,7F16_receptor_only,res122_7F16_receptor_only_PV-000513827622_84_4,delta
THR,31,1,-30
ILE,32,2,-30
THR,33,3,-30
ILE,34,4,-30
GLU,35,5,-30
GLU,36,6,-30
GLN,37,7,-30
ILE,38,8,-30
VAL,39,9,-30
LEU,40,10,-30
VAL,41,11,-30
LEU,42,12,-30
LYS,43,13,-30
ALA,44,14,-30
LYS,45,15,-30
VAL,46,16,-30
GLN,47,17,-30
CYS,48,18,-30
GLU,49,19,-30
LEU,50,20,-30
ASN,51,21,-30
ILE,52,22,-30
THR,53,23,-30
ALA,54,24,-30
GLN,55,25,-30
LEU,56,26,-30
GLN,57,27,-30
GLU,58,28,-30
GLY,59,29,-30
GLU,60,30,-30
GLY,61,31,-30
ASN,62,32,-30
CYS,63,33,-30
PHE,64,34,-30
PRO,65,35,-30
GLU,66,36,-30
TRP,67,37,-30
ASP,68,38,-30
GLY,69,39,-30
LEU,70,40,-30
ILE,71,41,-30
CYS,72,42,-30
TRP,73,43,-30
PRO,74,44,-30
ARG,75,45,-30
GLY,76,46,-30
THR,77,47,-30
VAL,78,48,-30
GLY,79,49,-30
LYS,80,50,-30
ILE,81,51,-30
SER,82,52,-30
ALA,83,53,-30
VAL,84,54,-30
PRO,85,55,-30
CYS,86,56,-30
PRO,87,57,-30
PRO,88,58,-30
TYR,89,59,-30
ILE,90,60,-30
TYR,91,61,-30
ASP,92,62,-30
PHE,93,63,-30
ASN,94,64,-30
HIS,95,65,-30
LYS,96,66,-30
GLY,97,67,-30
VAL,98,68,-30
ALA,99,69,-30
PHE,100,70,-30
ARG,101,71,-30
HIS,102,72,-30
CYS,103,73,-30
ASN,104,74,-30
PRO,105,75,-30
ASN,106,76,-30
GLY,107,77,-30
THR,108,78,-30
TRP,109,79,-30
ASP,110,80,-30
PHE,111,81,-30
MET,112,82,-30
HIS,113,83,-30
SER,114,84,-30
LEU,115,85,-30
ASN,116,86,-30
LYS,117,87,-30
THR,118,88,-30
TRP,119,89,-30
ALA,120,90,-30
ASN,121,91,-30
TYR,122,92,-30
SER,123,93,-30
ASP,124,94,-30
CYS,125,95,-30
LEU,126,96,-30
ARG,127,97,-30
PHE,128,98,-30
LEU,129,99,-30
GLN,130,100,-30
PRO,131,101,-30
ASP,132,102,-30
ILE,133,103,-30
SER,134,104,-30
ILE,135,105,-30
GLY,136,106,-30
LYS,137,107,-30
GLN,138,108,-30
GLU,139,109,-30
PHE,140,110,-30
PHE,141,111,-30
GLU,142,112,-30
ARG,143,113,-30
LEU,144,114,-30
TYR,145,115,-30
VAL,146,116,-30
MET,147,117,-30
TYR,148,118,-30
THR,149,119,-30
VAL,150,120,-30
GLY,151,121,-30
TYR,152,122,-30
SER,153,123,-30
ILE,154,124,-30
SER,155,125,-30
PHE,156,126,-30
GLY,157,127,-30
SER,158,128,-30
LEU,159,129,-30
ALA,160,130,-30
VAL,161,131,-30
ALA,162,132,-30
ILE,163,133,-30
LEU,164,134,-30
ILE,165,135,-30
ILE,166,136,-30
GLY,167,137,-30
TYR,168,138,-30
PHE,169,139,-30
ARG,170,140,-30
ARG,171,141,-30
LEU,172,142,-30
HIS,173,143,-30
CYS,174,144,-30
THR,175,145,-30
ARG,176,146,-30
ASN,177,147,-30
TYR,178,148,-30
ILE,179,149,-30
HIS,180,150,-30
MET,181,151,-30
HIS,182,152,-30
LEU,183,153,-30
PHE,184,154,-30
VAL,185,155,-30
SER,186,156,-30
PHE,187,157,-30
MET,188,158,-30
LEU,189,159,-30
ARG,190,160,-30
ALA,191,161,-30
THR,192,162,-30
SER,193,163,-30
ILE,194,164,-30
PHE,195,165,-30
VAL,196,166,-30
LYS,197,167,-30
ASP,198,168,-30
ARG,199,169,-30
VAL,200,170,-30
VAL,201,171,-30
HIS,202,172,-30
ALA,203,173,-30
HIS,204,174,-30
ILE,205,175,-30
GLY,206,176,-30
VAL,207,177,-30
LYS,208,178,-30
GLU,209,179,-30
LEU,210,180,-30
GLU,211,181,-30
SER,231,182,-49
GLN,232,183,-49
TYR,233,184,-49
ILE,234,185,-49
GLY,235,186,-49
CYS,236,187,-49
LYS,237,188,-49
ILE,238,189,-49
ALA,239,190,-49
VAL,240,191,-49
VAL,241,192,-49
MET,242,193,-49
PHE,243,194,-49
ILE,244,195,-49
TYR,245,196,-49
PHE,246,197,-49
LEU,247,198,-49
ALA,248,199,-49
THR,249,200,-49
ASN,250,201,-49
TYR,251,202,-49
TYR,252,203,-49
TRP,253,204,-49
ILE,254,205,-49
LEU,255,206,-49
VAL,256,207,-49
GLU,257,208,-49
GLY,258,209,-49
LEU,259,210,-49
TYR,260,211,-49
LEU,261,212,-49
HIS,262,213,-49
ASN,263,214,-49
LEU,264,215,-49
ILE,265,216,-49
PHE,266,217,-49
VAL,267,218,-49
ALA,268,219,-49
PHE,269,220,-49
PHE,270,221,-49
SER,271,222,-49
ASP,272,223,-49
THR,273,224,-49
LYS,274,225,-49
TYR,275,226,-49
LEU,276,227,-49
TRP,277,228,-49
GLY,278,229,-49
PHE,279,230,-49
ILE,280,231,-49
LEU,281,232,-49
ILE,282,233,-49
GLY,283,234,-49
TRP,284,235,-49
GLY,285,236,-49
PHE,286,237,-49
PRO,287,238,-49
ALA,288,239,-49
ALA,289,240,-49
PHE,290,241,-49
VAL,291,242,-49
ALA,292,243,-49
ALA,293,244,-49
TRP,294,245,-49
ALA,295,246,-49
VAL,296,247,-49
ALA,297,248,-49
ARG,298,249,-49
ALA,299,250,-49
THR,300,251,-49
LEU,301,252,-49
ALA,302,253,-49
ASP,303,254,-49
ALA,304,255,-49
ARG,305,256,-49
CYS,306,257,-49
TRP,307,258,-49
GLU,308,259,-49
LEU,309,260,-49
SER,310,261,-49
ALA,311,262,-49
GLY,312,263,-49
ASP,313,264,-49
ILE,314,265,-49
LYS,315,266,-49
TRP,316,267,-49
ILE,317,268,-49
TYR,318,269,-49
GLN,319,270,-49
ALA,320,271,-49
PRO,321,272,-49
ILE,322,273,-49
LEU,323,274,-49
ALA,324,275,-49
ALA,325,276,-49
ILE,326,277,-49
GLY,327,278,-49
LEU,328,279,-49
ASN,329,280,-49
PHE,330,281,-49
ILE,331,282,-49
LEU,332,283,-49
PHE,333,284,-49
LEU,334,285,-49
ASN,335,286,-49
THR,336,287,-49
VAL,337,288,-49
ARG,338,289,-49
VAL,339,290,-49
LEU,340,291,-49
ALA,341,292,-49
THR,342,293,-49
LYS,343,294,-49
ILE,344,295,-49
TRP,345,296,-49
GLU,346,297,-49
THR,347,298,-49
ASP,353,299,-54
THR,354,300,-54
ARG,355,301,-54
LYS,356,302,-54
GLN,357,303,-54
TYR,358,304,-54
ARG,359,305,-54
LYS,360,306,-54
LEU,361,307,-54
ALA,362,308,-54
LYS,363,309,-54
SER,364,310,-54
THR,365,311,-54
LEU,366,312,-54
VAL,367,313,-54
LEU,368,314,-54
VAL,369,315,-54
LEU,370,316,-54
VAL,371,317,-54
PHE,372,318,-54
GLY,373,319,-54
VAL,374,320,-54
HIS,375,321,-54
TYR,376,322,-54
ILE,377,323,-54
VAL,378,324,-54
PHE,379,325,-54
VAL,380,326,-54
CYS,381,327,-54
LEU,382,328,-54
PRO,383,329,-54
GLY,388,330,-58
LEU,389,331,-58
GLY,390,332,-58
TRP,391,333,-58
GLU,392,334,-58
ILE,393,335,-58
ARG,394,336,-58
MET,395,337,-58
HIS,396,338,-58
CYS,397,339,-58
GLU,398,340,-58
LEU,399,341,-58
PHE,400,342,-58
PHE,401,343,-58
ASN,402,344,-58
SER,403,345,-58
PHE,404,346,-58
GLN,405,347,-58
GLY,406,348,-58
PHE,407,349,-58
PHE,408,350,-58
VAL,409,351,-58
SER,410,352,-58
ILE,411,353,-58
ILE,412,354,-58
TYR,413,355,-58
CYS,414,356,-58
TYR,415,357,-58
CYS,416,358,-58
ASN,417,359,-58
GLY,418,360,-58
GLU,419,361,-58
VAL,420,362,-58
GLN,421,363,-58
ALA,422,364,-58
GLU,423,365,-58
VAL,424,366,-58
LYS,425,367,-58
LYS,426,368,-58
MET,427,369,-58
TRP,428,370,-58
SER,429,371,-58
ARG,430,372,-58
TRP,431,373,-58
ASN,432,374,-58
LEU,433,375,-58
SER,410,376,-34
ILE,377,377,0
VAL,378,378,0
PHE,379,379,0
VAL,380,380,0
CYS,381,381,0
LEU,382,382,0
PRO,383,383,0
GLY,388,388,0
LEU,389,389,0
GLY,390,390,0
TRP,391,391,0
GLU,392,392,0
ILE,393,393,0
ARG,394,394,0
MET,395,395,0
HIS,396,396,0
CYS,397,397,0
GLU,398,398,0
LEU,399,399,0
PHE,400,400,0
PHE,401,401,0
ASN,402,402,0
SER,403,403,0
PHE,404,404,0
GLN,405,405,0
GLY,406,406,0
PHE,407,407,0
PHE,408,408,0
VAL,409,409,0
SER,410,410,0
ILE,411,411,0
ILE,412,412,0
TYR,413,413,0
CYS,414,414,0
TYR,415,415,0
CYS,416,416,0
ASN,417,417,0
GLY,418,418,0
GLU,419,419,0
VAL,420,420,0
GLN,421,421,0
ALA,422,422,0
GLU,423,423,0
VAL,424,424,0
LYS,425,425,0
LYS,426,426,0
MET,427,427,0
TRP,428,428,0
SER,429,429,0
ARG,430,430,0
TRP,431,431,0
ASN,432,432,0
LEU,433,433,0
SER,434,434,0
